{
    "id": "phils-pf2e-action-colours",
    "title": "Phil's PF2e Action Colours",
    "description": "Visualizes the PF2e 3-Action Economy on the ruler! Adds Green (1A), Yellow (2A), and Orange (3A) colors to Foundry V13's native Drag Measurement.",
    "version": "1.3.3",
    "compatibility": {
        "minimum": "13",
        "verified": "13"
    },
    "languages": [
        {
            "lang": "en",
            "name": "English",
            "path": "languages/en.json"
        },
        {
            "lang": "de",
            "name": "Deutsch",
            "path": "languages/de.json"
        }
    ],
    "authors": [
        {
            "name": "Phil",
            "url": "https://github.com/PhilsModules"
        }
    ],
    "esmodules": [
        "scripts/pathfinding.js",
        "scripts/main.js"
    ],
    "url": "https://github.com/PhilsModules/phils-pf2e-action-colours",
    "manifest": "https://github.com/PhilsModules/phils-pf2e-action-colours/releases/latest/download/module.json",
    "download": "https://github.com/PhilsModules/phils-pf2e-action-colours/releases/latest/download/module.zip",
    "minimumCoreVersion": "13",
    "relationships": {
        "requires": [
            {
                "id": "lib-wrapper",
                "type": "module",
                "compatibility": {
                    "minimum": "1.12.0"
                }
            }
        ]
    }
}